/*
 Navicat Premium Data Transfer

 Source Server         : control_bometrico
 Source Server Type    : MySQL
 Source Server Version : 100432 (10.4.32-MariaDB)
 Source Host           : localhost:3306
 Source Schema         : control_biometrico

 Target Server Type    : MySQL
 Target Server Version : 100432 (10.4.32-MariaDB)
 File Encoding         : 65001

 Date: 08/07/2025 15:11:32
*/

SET NAMES utf8mb4;
SET FOREIGN_KEY_CHECKS = 0;

-- ----------------------------
-- Table structure for area
-- ----------------------------
DROP TABLE IF EXISTS `area`;
CREATE TABLE `area`  (
  `id` int NOT NULL AUTO_INCREMENT,
  `area` varchar(50) CHARACTER SET utf8mb4 COLLATE utf8mb4_general_ci NULL DEFAULT NULL,
  PRIMARY KEY (`id`) USING BTREE
) ENGINE = InnoDB AUTO_INCREMENT = 8 CHARACTER SET = utf8mb4 COLLATE = utf8mb4_general_ci ROW_FORMAT = Dynamic;

-- ----------------------------
-- Records of area
-- ----------------------------
INSERT INTO `area` VALUES (1, 'administracion');
INSERT INTO `area` VALUES (2, 'operaciones');
INSERT INTO `area` VALUES (3, 'sistemas');
INSERT INTO `area` VALUES (4, 'recursos Humanos');
INSERT INTO `area` VALUES (7, 'contabilidad');

-- ----------------------------
-- Table structure for company
-- ----------------------------
DROP TABLE IF EXISTS `company`;
CREATE TABLE `company`  (
  `id` int NOT NULL AUTO_INCREMENT,
  `name_company` varchar(50) CHARACTER SET utf8mb4 COLLATE utf8mb4_general_ci NOT NULL,
  `document_company` int NOT NULL,
  `location` varchar(50) CHARACTER SET utf8mb4 COLLATE utf8mb4_general_ci NOT NULL,
  PRIMARY KEY (`id`) USING BTREE
) ENGINE = InnoDB AUTO_INCREMENT = 10 CHARACTER SET = utf8mb4 COLLATE = utf8mb4_general_ci ROW_FORMAT = Dynamic;

-- ----------------------------
-- Records of company
-- ----------------------------
INSERT INTO `company` VALUES (1, 'Punto de distribucion', 214748364, 'Puente Piedra');
INSERT INTO `company` VALUES (2, 'Global', 587945268, 'Puente Piedra');
INSERT INTO `company` VALUES (3, 'Cordia', 2147483647, 'Puente piedra');
INSERT INTO `company` VALUES (5, 'Blue Line', 895687455, 'Puente Piedra');

-- ----------------------------
-- Table structure for enterprise
-- ----------------------------
DROP TABLE IF EXISTS `enterprise`;
CREATE TABLE `enterprise`  (
  `id` int NOT NULL AUTO_INCREMENT,
  `name_enterprise` varchar(50) CHARACTER SET utf8mb4 COLLATE utf8mb4_general_ci NOT NULL,
  `document` int NOT NULL,
  `ubigeo` varchar(50) CHARACTER SET utf8mb4 COLLATE utf8mb4_general_ci NOT NULL,
  `link` varchar(50) CHARACTER SET utf8mb4 COLLATE utf8mb4_general_ci NULL DEFAULT NULL,
  `security_pass` varchar(20) CHARACTER SET utf8mb4 COLLATE utf8mb4_general_ci NOT NULL,
  PRIMARY KEY (`id`) USING BTREE
) ENGINE = InnoDB AUTO_INCREMENT = 2 CHARACTER SET = utf8mb4 COLLATE = utf8mb4_general_ci ROW_FORMAT = Dynamic;

-- ----------------------------
-- Records of enterprise
-- ----------------------------
INSERT INTO `enterprise` VALUES (1, 'Punto de distribucion ', 2147483647, 'AV. CAJAMARCA NRO. 586 APV. EL DORADO URB.ZAPALLAL', 'https://puntodedistribucion.com/', '@clave.123');

-- ----------------------------
-- Table structure for estado
-- ----------------------------
DROP TABLE IF EXISTS `estado`;
CREATE TABLE `estado`  (
  `id` int NOT NULL AUTO_INCREMENT,
  `estado` varchar(50) CHARACTER SET utf8mb4 COLLATE utf8mb4_general_ci NULL DEFAULT NULL,
  PRIMARY KEY (`id`) USING BTREE
) ENGINE = InnoDB AUTO_INCREMENT = 3 CHARACTER SET = utf8mb4 COLLATE = utf8mb4_general_ci ROW_FORMAT = Dynamic;

-- ----------------------------
-- Records of estado
-- ----------------------------
INSERT INTO `estado` VALUES (1, 'habilitado');
INSERT INTO `estado` VALUES (2, 'deshabilitado');

-- ----------------------------
-- Table structure for payment
-- ----------------------------
DROP TABLE IF EXISTS `payment`;
CREATE TABLE `payment`  (
  `id` int NOT NULL AUTO_INCREMENT,
  `description` varchar(50) CHARACTER SET utf8mb4 COLLATE utf8mb4_general_ci NULL DEFAULT NULL,
  `salary` int NULL DEFAULT NULL,
  `discount_afp` double NULL DEFAULT NULL,
  PRIMARY KEY (`id`) USING BTREE
) ENGINE = InnoDB AUTO_INCREMENT = 5 CHARACTER SET = utf8mb4 COLLATE = utf8mb4_general_ci ROW_FORMAT = Dynamic;

-- ----------------------------
-- Records of payment
-- ----------------------------
INSERT INTO `payment` VALUES (1, 'minimo', 1125, 0.1);
INSERT INTO `payment` VALUES (2, 'medio', 1500, 0.1);
INSERT INTO `payment` VALUES (4, 'alto', 2000, 0.1);

-- ----------------------------
-- Table structure for privilegio
-- ----------------------------
DROP TABLE IF EXISTS `privilegio`;
CREATE TABLE `privilegio`  (
  `id` int NOT NULL AUTO_INCREMENT,
  `privilegio` varchar(50) CHARACTER SET utf8mb4 COLLATE utf8mb4_general_ci NULL DEFAULT NULL,
  PRIMARY KEY (`id`) USING BTREE
) ENGINE = InnoDB AUTO_INCREMENT = 3 CHARACTER SET = utf8mb4 COLLATE = utf8mb4_general_ci ROW_FORMAT = Dynamic;

-- ----------------------------
-- Records of privilegio
-- ----------------------------
INSERT INTO `privilegio` VALUES (1, 'administrador');
INSERT INTO `privilegio` VALUES (2, 'usuario');

-- ----------------------------
-- Table structure for usuarios
-- ----------------------------
DROP TABLE IF EXISTS `usuarios`;
CREATE TABLE `usuarios`  (
  `id` int NOT NULL AUTO_INCREMENT,
  `dni` int NOT NULL,
  `nombre` varchar(100) CHARACTER SET utf8mb4 COLLATE utf8mb4_general_ci NOT NULL,
  `area_id` int NULL DEFAULT NULL,
  `privilegio_id` int NULL DEFAULT NULL,
  `estado_id` int NULL DEFAULT NULL,
  `fecha_registro` datetime NULL DEFAULT current_timestamp,
  `company_id` int NULL DEFAULT NULL,
  PRIMARY KEY (`id`) USING BTREE,
  INDEX `estado_id`(`estado_id` ASC) USING BTREE,
  INDEX `privilegio_id`(`privilegio_id` ASC) USING BTREE,
  INDEX `area_id`(`area_id` ASC) USING BTREE,
  INDEX `fk_company`(`company_id` ASC) USING BTREE,
  CONSTRAINT `fk_company` FOREIGN KEY (`company_id`) REFERENCES `company` (`id`) ON DELETE RESTRICT ON UPDATE RESTRICT,
  CONSTRAINT `usuarios_ibfk_1` FOREIGN KEY (`estado_id`) REFERENCES `estado` (`id`) ON DELETE RESTRICT ON UPDATE RESTRICT,
  CONSTRAINT `usuarios_ibfk_2` FOREIGN KEY (`privilegio_id`) REFERENCES `privilegio` (`id`) ON DELETE RESTRICT ON UPDATE RESTRICT,
  CONSTRAINT `usuarios_ibfk_3` FOREIGN KEY (`area_id`) REFERENCES `area` (`id`) ON DELETE RESTRICT ON UPDATE RESTRICT
) ENGINE = InnoDB AUTO_INCREMENT = 126 CHARACTER SET = utf8mb4 COLLATE = utf8mb4_general_ci ROW_FORMAT = Dynamic;

-- ----------------------------
-- Records of usuarios
-- ----------------------------
INSERT INTO `usuarios` VALUES (2, 47641868, 'OLIVAS CUEVA JUAN JOSE', 1, 2, 1, '2025-06-27 09:55:33', 1);
INSERT INTO `usuarios` VALUES (3, 46524483, 'PINTO HERRERO PIERO', 2, 2, 1, '2025-06-27 10:00:21', 1);
INSERT INTO `usuarios` VALUES (6, 9004643, 'OCAS CORNEJO NANCY', 1, 2, 1, '2025-06-27 11:36:42', 1);
INSERT INTO `usuarios` VALUES (7, 10000946, 'ALVAREZ TOLA FERNANDO', 1, 2, 1, '2025-06-27 11:36:42', 1);
INSERT INTO `usuarios` VALUES (8, 10746819, 'CAMACHO VALGA LUZ MARIN', 1, 2, 1, '2025-06-27 11:36:42', 2);
INSERT INTO `usuarios` VALUES (9, 72552712, 'SANDOVAL VILLANUEVA XIOMARA', 7, 2, 1, '2025-06-27 11:36:42', 3);
INSERT INTO `usuarios` VALUES (10, 72953358, 'TREBEJO BENITES DANIEL', 1, 2, 1, '2025-06-27 11:36:42', 5);
INSERT INTO `usuarios` VALUES (11, 73315291, 'AGUIRRE FLORES MARIZA', 1, 2, 1, '2025-06-27 11:36:42', 1);
INSERT INTO `usuarios` VALUES (12, 41311806, 'CALERO PAREDES SARA AURO', 1, 2, 1, '2025-06-27 11:36:42', 1);
INSERT INTO `usuarios` VALUES (13, 8385153, 'SURCO ARREDONDO JUAN', 1, 2, 1, '2025-06-27 11:36:42', 1);
INSERT INTO `usuarios` VALUES (14, 40848625, 'OCAS CORNEJO NANCY', 1, 2, 1, '2025-06-27 11:36:42', 1);
INSERT INTO `usuarios` VALUES (15, 41768815, 'ROSELL TOLA SEBASTIAN', 2, 2, 1, '2025-06-27 11:36:42', 1);
INSERT INTO `usuarios` VALUES (16, 44670332, 'SAAVEDRA OCHAVANO ABRAHA', 2, 2, 1, '2025-06-27 11:36:42', 1);
INSERT INTO `usuarios` VALUES (17, 45101267, 'VERA GONZALES CARLOS ALB', 2, 2, 1, '2025-06-27 11:36:42', 1);
INSERT INTO `usuarios` VALUES (18, 45499537, 'ROSAS CAMPOS FRANCISCO', 2, 2, 1, '2025-06-27 11:36:42', 1);
INSERT INTO `usuarios` VALUES (19, 47341928, 'ROSELL TOLA  MATEO', 2, 2, 1, '2025-06-27 11:36:42', 1);
INSERT INTO `usuarios` VALUES (20, 47740698, 'RUIZ GOMEZ MARIO', 2, 2, 1, '2025-06-27 11:36:42', 1);
INSERT INTO `usuarios` VALUES (21, 2828113, 'PACHERREZ CHERO JUAN', 2, 2, 1, '2025-06-27 11:36:42', 1);
INSERT INTO `usuarios` VALUES (22, 8535609, 'MESTANZA TORRES MANUEL', 2, 2, 1, '2025-06-27 11:36:42', 1);
INSERT INTO `usuarios` VALUES (23, 9962162, 'HACHILLA MELLISHO JUAN', 2, 2, 1, '2025-06-27 11:36:42', 1);
INSERT INTO `usuarios` VALUES (24, 10620964, 'OLIVERA TAMAYO JULIO CES', 2, 2, 1, '2025-06-27 11:36:42', 1);
INSERT INTO `usuarios` VALUES (25, 25500415, 'TRUJILLO SALAZAR JUAN ED', 2, 2, 1, '2025-06-27 11:36:42', 1);
INSERT INTO `usuarios` VALUES (26, 25663172, 'JARAMILLO MONTES DESIDER', 2, 2, 1, '2025-06-27 11:36:42', 1);
INSERT INTO `usuarios` VALUES (27, 25822446, 'CCAYPANE PICHIHUA SANTOS', 2, 2, 1, '2025-06-27 11:36:42', 1);
INSERT INTO `usuarios` VALUES (28, 31825211, 'ASENCIOS ARANDA POMPEYO', 2, 2, 1, '2025-06-27 11:36:42', 1);
INSERT INTO `usuarios` VALUES (29, 40224836, 'RAMOS VASQUEZ ROCIO DEL', 2, 2, 1, '2025-06-27 11:36:42', 1);
INSERT INTO `usuarios` VALUES (30, 40290096, 'VALENCIA GOMEZ ANTHONY C', 2, 2, 1, '2025-06-27 11:36:42', 1);
INSERT INTO `usuarios` VALUES (31, 40696702, 'ESPINOZA VIZCARRA FRANZ', 2, 2, 1, '2025-06-27 11:36:42', 1);
INSERT INTO `usuarios` VALUES (32, 40904366, 'ESTRADA ASHCALLA FAUSTIN', 2, 2, 1, '2025-06-27 11:36:42', 1);
INSERT INTO `usuarios` VALUES (33, 41120334, 'FLORES PINEDA JORGE', 2, 2, 1, '2025-06-27 11:36:42', 1);
INSERT INTO `usuarios` VALUES (34, 44274011, 'RONCAL CARHUATANTA FRANK', 2, 2, 1, '2025-06-27 11:36:42', 1);
INSERT INTO `usuarios` VALUES (35, 46542665, 'MONTAÑEZ  ESTRADA EZEQU', 2, 2, 1, '2025-06-27 11:36:42', 1);
INSERT INTO `usuarios` VALUES (36, 47293945, 'MORALES ROMERO RODOLFO E', 2, 2, 1, '2025-06-27 11:36:42', 1);
INSERT INTO `usuarios` VALUES (37, 48460198, 'ALOR DIAZ MASSIEL ALEJAN', 2, 2, 1, '2025-06-27 11:36:42', 1);
INSERT INTO `usuarios` VALUES (38, 71194823, 'FABIAN TORIBIO WALTER VE', 2, 2, 1, '2025-06-27 11:36:42', 1);
INSERT INTO `usuarios` VALUES (39, 9340377, 'ROSELL GRIJALBA PEDRO MA', 2, 2, 1, '2025-06-27 11:36:42', 1);
INSERT INTO `usuarios` VALUES (40, 46142779, 'TAIPE ÑAUPAS YESENIA JA', 2, 2, 1, '2025-06-27 11:36:42', 1);
INSERT INTO `usuarios` VALUES (41, 3362906, 'LOPEZ ZAPATA MIGUEL', 2, 2, 1, '2025-06-27 11:36:42', 1);
INSERT INTO `usuarios` VALUES (42, 6878049, 'ATANACIO CURI DONATO EV', 2, 2, 1, '2025-06-27 11:36:42', 1);
INSERT INTO `usuarios` VALUES (43, 10051212, 'ENRIQUEZ TICONA VICTOR', 2, 2, 1, '2025-06-27 11:36:42', 1);
INSERT INTO `usuarios` VALUES (44, 44832482, 'ROSALES ROJAS GIANCARLO', 1, 2, 1, '2025-06-27 11:36:42', 5);
INSERT INTO `usuarios` VALUES (45, 48894088, 'TULUMBA VARGAS ROLANDO', 2, 2, 1, '2025-06-27 11:36:42', 1);
INSERT INTO `usuarios` VALUES (46, 75170905, 'VARGAS CABRERA JAQUELIN', 1, 2, 1, '2025-06-27 11:36:42', 1);
INSERT INTO `usuarios` VALUES (47, 1, 'SEGOVIA ZUÑIGA DORIS MA', 2, 2, 1, '2025-06-27 11:36:42', 1);
INSERT INTO `usuarios` VALUES (48, 8563338, 'COTRINA LOPEZ JULIO ANGE', 1, 2, 1, '2025-06-27 11:36:42', 1);
INSERT INTO `usuarios` VALUES (49, 2639152, 'SOJO RETO LUIS ENRIQUE', 2, 2, 1, '2025-06-27 11:36:42', 1);
INSERT INTO `usuarios` VALUES (50, 2853585, 'SANDOVAL RUIZ JESUS ALBE', 2, 2, 1, '2025-06-27 11:36:42', 1);
INSERT INTO `usuarios` VALUES (51, 3371067, 'LA ROSA ZAPATA FRANCISCO', 2, 2, 1, '2025-06-27 11:36:42', 1);
INSERT INTO `usuarios` VALUES (52, 3373450, 'GARCIA AREVALO LUIS MANU', 2, 2, 1, '2025-06-27 11:36:42', 1);
INSERT INTO `usuarios` VALUES (53, 5320453, 'RENGIFO ISUIZA MANUEL', 2, 2, 1, '2025-06-27 11:36:42', 1);
INSERT INTO `usuarios` VALUES (54, 6864656, 'VASQUEZ ORRILLO ENRIQUE', 2, 2, 1, '2025-06-27 11:36:42', 1);
INSERT INTO `usuarios` VALUES (55, 7648881, 'CERVANTES LAZARO JUAN CA', 2, 2, 1, '2025-06-27 11:36:42', 1);
INSERT INTO `usuarios` VALUES (56, 8639892, 'OJEDA OCHOA JUAN ANTONIO', 2, 2, 1, '2025-06-27 11:36:42', 1);
INSERT INTO `usuarios` VALUES (57, 9520380, 'RAMIREZ CHAMPI LUIS', 2, 2, 1, '2025-06-27 11:36:42', 1);
INSERT INTO `usuarios` VALUES (58, 15865839, 'ANCHANTE MORI WALTER HUG', 2, 2, 1, '2025-06-27 11:36:42', 1);
INSERT INTO `usuarios` VALUES (59, 40323736, 'DUEÑAS SIQUIHUA BALTAZA', 2, 2, 1, '2025-06-27 11:36:42', 1);
INSERT INTO `usuarios` VALUES (60, 40367525, 'BLACIDO PILLCO ABEL DAVI', 2, 2, 1, '2025-06-27 11:36:42', 1);
INSERT INTO `usuarios` VALUES (61, 41055407, 'HERNANDEZ ESPINOZA LUIS', 2, 2, 1, '2025-06-27 11:36:42', 1);
INSERT INTO `usuarios` VALUES (62, 41203953, 'VASQUEZ PEREZ CESAR ALFO', 2, 2, 1, '2025-06-27 11:36:42', 1);
INSERT INTO `usuarios` VALUES (63, 42176996, 'RAMIREZ CASTILLO HERMES', 2, 2, 1, '2025-06-27 11:36:42', 1);
INSERT INTO `usuarios` VALUES (64, 42573318, 'QUISPE ANGELES CESAR MAN', 2, 2, 1, '2025-06-27 11:36:42', 1);
INSERT INTO `usuarios` VALUES (65, 44334732, 'DUEÑAS PEREZ DIOGENES', 2, 2, 1, '2025-06-27 11:36:42', 1);
INSERT INTO `usuarios` VALUES (66, 44611542, 'CARDOZO REQUEJO JOILER', 2, 2, 1, '2025-06-27 11:36:42', 1);
INSERT INTO `usuarios` VALUES (67, 45590576, 'TANTALEAN CERVERA ELIS', 2, 2, 1, '2025-06-27 11:36:42', 1);
INSERT INTO `usuarios` VALUES (68, 45852765, 'POMA BALDEON SAUL', 2, 2, 1, '2025-06-27 11:36:42', 1);
INSERT INTO `usuarios` VALUES (69, 45906639, 'ANCAJIMA GUTIERREZ FREDY', 2, 2, 1, '2025-06-27 11:36:42', 1);
INSERT INTO `usuarios` VALUES (70, 46488461, 'MAYTA HUERTAS EDMARTIN E', 2, 2, 1, '2025-06-27 11:36:42', 1);
INSERT INTO `usuarios` VALUES (71, 47300206, 'ANCAJIMA GUTIERREZ JOSE', 2, 2, 1, '2025-06-27 11:36:42', 1);
INSERT INTO `usuarios` VALUES (72, 47589193, 'HUAMAN QUISURUCO LUIS TA', 2, 2, 1, '2025-06-27 11:36:42', 1);
INSERT INTO `usuarios` VALUES (73, 47820363, 'CHOQUEMAQUE VILCA JUAN', 2, 2, 1, '2025-06-27 11:36:42', 1);
INSERT INTO `usuarios` VALUES (74, 48260326, 'ALVARADO SINARAHUA  AN', 2, 2, 1, '2025-06-27 11:36:42', 1);
INSERT INTO `usuarios` VALUES (75, 48945105, 'SOLANO PASACHE PAUL', 2, 2, 1, '2025-06-27 11:36:42', 1);
INSERT INTO `usuarios` VALUES (76, 62320627, 'GUERRERO SANCHEZ WAGNER', 2, 2, 1, '2025-06-27 11:36:42', 1);
INSERT INTO `usuarios` VALUES (77, 71031308, 'CUBILLOS REATEGUI RUBEN', 2, 2, 1, '2025-06-27 11:36:43', 1);
INSERT INTO `usuarios` VALUES (78, 71234583, '<V04-', 2, 2, 1, '2025-06-27 11:36:43', 1);
INSERT INTO `usuarios` VALUES (79, 73956545, 'PEREZ LINARES MANUEL', 2, 2, 1, '2025-06-27 11:36:43', 1);
INSERT INTO `usuarios` VALUES (80, 77380787, 'CASTRO CACERES MARLENY', 1, 2, 1, '2025-06-27 11:36:43', 3);
INSERT INTO `usuarios` VALUES (81, 78112107, 'AMASIFUEN HIDALGO FRANK', 2, 2, 1, '2025-06-27 11:36:43', 1);
INSERT INTO `usuarios` VALUES (82, 0, 'PIEROLIN PIMPOM', 2, 2, 2, '2025-06-27 11:36:43', 1);
INSERT INTO `usuarios` VALUES (83, -788529152, '-788529152', 2, 2, 1, '2025-06-27 11:36:43', 1);
INSERT INTO `usuarios` VALUES (84, 10266648, 'VENEGAS MARTINEZ EDGAR D', 2, 2, 1, '2025-06-27 11:36:43', 1);
INSERT INTO `usuarios` VALUES (85, 74648905, 'VARGAS QUISPE JOSE LUIS', 2, 2, 1, '2025-06-27 11:36:43', 1);
INSERT INTO `usuarios` VALUES (86, 10389774, 'SILVA LLONTOP OSCAR ALFR', 2, 2, 1, '2025-06-27 11:36:43', 1);
INSERT INTO `usuarios` VALUES (87, 75085842, 'ALCANTARA AVENDAÑO NICO', 2, 2, 1, '2025-06-27 11:36:43', 1);
INSERT INTO `usuarios` VALUES (88, 75381010, 'BALBIN SANTIAGO DANFEER', 1, 2, 1, '2025-06-27 11:36:43', 1);
INSERT INTO `usuarios` VALUES (89, 99, 'JARA MONGE LUIS ANTONIO', 3, 2, 1, '2025-06-27 11:36:43', 1);
INSERT INTO `usuarios` VALUES (90, 4, 'VELAZCO MEJIA JOSE CARLO', 2, 2, 1, '2025-06-27 11:36:43', 1);
INSERT INTO `usuarios` VALUES (91, 8, 'SEIJAS MORALES CARLOS ED', 2, 2, 1, '2025-06-27 11:36:43', 1);
INSERT INTO `usuarios` VALUES (92, 10, 'PAUCARA HUAMAN DIEGO JOS', 2, 2, 1, '2025-06-27 11:36:43', 1);
INSERT INTO `usuarios` VALUES (93, 15, 'CCASANI MORALES LILIANA', 2, 2, 1, '2025-06-27 11:36:43', 1);
INSERT INTO `usuarios` VALUES (94, 76133531, 'ROMERO MENDOZA YANFRANCO', 2, 2, 1, '2025-06-27 11:36:43', 1);
INSERT INTO `usuarios` VALUES (95, 62012472, 'PIZANGO ISUIZA KEVIN ADR', 2, 2, 1, '2025-06-27 11:36:43', 1);
INSERT INTO `usuarios` VALUES (96, 47063718, 'CAHUAZA LA TORRE MILIHER', 2, 2, 1, '2025-06-27 11:36:43', 1);
INSERT INTO `usuarios` VALUES (97, 48137964, 'PONCE SILVA ANDREINA VIR', 2, 2, 1, '2025-06-27 11:36:43', 1);
INSERT INTO `usuarios` VALUES (98, 75596934, 'GONZALES RAMIREZ JUAN MA', 2, 2, 1, '2025-06-27 11:36:43', 1);
INSERT INTO `usuarios` VALUES (99, 75241532, 'AVILA CHAMPA CARLOS DANI', 2, 2, 1, '2025-06-27 11:36:43', 1);
INSERT INTO `usuarios` VALUES (100, 77020287, 'MENDOZA MALQUE HEYDI GIA', 2, 2, 1, '2025-06-27 11:36:43', 1);
INSERT INTO `usuarios` VALUES (101, 75929700, 'ORDOÑEZ DE LA CRUZ YEMI', 2, 2, 1, '2025-06-27 11:36:43', 1);
INSERT INTO `usuarios` VALUES (102, 72868840, 'CRUZADO SANCHEZ ROGER JU', 2, 2, 1, '2025-06-27 11:36:43', 1);
INSERT INTO `usuarios` VALUES (103, 71333326, 'VASQUEZ SILVA PERCY', 2, 2, 1, '2025-06-27 11:36:43', 1);
INSERT INTO `usuarios` VALUES (104, 46781696, 'PINCHI CHOTA TEDY', 2, 2, 1, '2025-06-27 11:36:43', 1);
INSERT INTO `usuarios` VALUES (105, 47289665, 'VERDE ROSAS ROY ROGGER', 2, 2, 1, '2025-06-27 11:36:43', 1);
INSERT INTO `usuarios` VALUES (106, 72679373, 'RUIZ VILLEGAS MAXIMILIAN', 2, 2, 1, '2025-06-27 11:36:43', 1);
INSERT INTO `usuarios` VALUES (107, 72897399, 'CALDAS TORRES JEFREI ALA', 2, 2, 1, '2025-06-27 11:36:43', 1);
INSERT INTO `usuarios` VALUES (108, 15975186, 'LUNA CASTRO ELIAS ABEL', 2, 2, 1, '2025-06-27 11:36:43', 1);
INSERT INTO `usuarios` VALUES (109, 42410444, 'CRUZADO SANCHEZ LEODAN', 2, 2, 1, '2025-06-27 11:36:43', 1);
INSERT INTO `usuarios` VALUES (110, 76540975, 'ENCARNACIÓN APONTE RENZ', 2, 2, 1, '2025-06-27 11:36:43', 1);
INSERT INTO `usuarios` VALUES (111, 43639631, 'QUIÑONES AGUILAR EVER M', 2, 2, 1, '2025-06-27 11:36:43', 1);
INSERT INTO `usuarios` VALUES (112, 75004478, 'MONSALVE TORRES EDIN JES', 2, 2, 1, '2025-06-27 11:36:43', 1);
INSERT INTO `usuarios` VALUES (113, 74457297, 'LLANOS HEREDIA ROYBER', 2, 2, 1, '2025-06-27 11:36:43', 1);
INSERT INTO `usuarios` VALUES (114, 90243083, 'CAMAN INUMA LUIGGY', 2, 2, 1, '2025-06-27 11:36:43', 1);
INSERT INTO `usuarios` VALUES (115, 72856081, 'ZUTA VASQUEZ  JOSE DUGAR', 2, 2, 1, '2025-06-27 11:36:43', 1);
INSERT INTO `usuarios` VALUES (116, 71696916, 'AVILA NOBLECILLA ENRIQUE', 2, 2, 1, '2025-06-27 11:36:43', 1);
INSERT INTO `usuarios` VALUES (117, 71520854, 'YARLEQUE LADINES CRISTHO', 2, 2, 1, '2025-06-27 11:36:43', 1);
INSERT INTO `usuarios` VALUES (118, 44762673, 'COQUINCHE VELA HEMERSON', 2, 2, 1, '2025-06-27 11:36:43', 1);
INSERT INTO `usuarios` VALUES (119, 70661806, 'VILCHEZ INGA ANTHONY JEA', 2, 2, 1, '2025-06-27 11:36:43', 1);
INSERT INTO `usuarios` VALUES (120, 75350311, 'SANCHEZ BENITES JEFREE A', 1, 2, 1, '2025-06-27 11:36:43', 1);
INSERT INTO `usuarios` VALUES (121, 78286034, 'ARO PEÑA JUAN DE DIOS', 2, 2, 1, '2025-06-27 11:36:43', 1);
INSERT INTO `usuarios` VALUES (122, 75067229, 'EDGAR SANCHEZ ALVAREZ', 2, 2, 1, '2025-06-27 11:36:43', 1);
INSERT INTO `usuarios` VALUES (123, 44008116, 'NILTON SULLON RAOS', 2, 2, 1, '2025-06-27 11:36:43', 1);
INSERT INTO `usuarios` VALUES (124, 73315336, 'HECTOR NEYRA TAYA', 2, 2, 1, '2025-06-27 11:36:43', 1);

SET FOREIGN_KEY_CHECKS = 1;
